{
  "input_file": "/Users/L111376/Library/CloudStorage/OneDrive-EliLillyandCompany/Documents/GitHub/SPMS/Example/sdf_examples/L-proline.sdf",
  "sphere_radius": 5.0,
  "desc_n": 20,
  "desc_m": 20,
  "orientation_standardized": true,
  "key_atoms": null,
  "sphere_descriptors": [
    [
      1.31571396,
      1.20638534,
      1.11005484,
      1.02610836,
      0.9544745,
      0.89532737,
      0.84893349,
      0.81556467,
      0.79544564,
      0.78872252,
      0.79544582,
      0.81556504,
      0.84893404,
      0.8953281,
      0.9544754,
      1.02610943,
      1.11005609,
      1.20638676,
      1.31571557,
      1.43986854,
      1.58376668,
      1.76335808,
      1.96955674,
      1.96172315,
      1.96470157,
      1.97843159,
      2.00263462,
      2.00851436,
      2.00851433,
      2.00851429,
      2.00851424,
      2.00851419,
      2.00851413,
      2.00622636,
      1.93141603,
      1.85494474,
      1.77861188,
      1.70410329,
      1.58376451,
      1.43986671
    ],
    [
      1.46014278,
      1.35732178,
      1.27139598,
      1.14343791,
      0.99539058,
      0.87784818,
      0.78781769,
      0.72400294,
      0.68585299,
      0.67315448,
      0.68585334,
      0.72400364,
      0.78781875,
      0.87784961,
      0.9953924,
      1.14344019,
      1.32932254,
      1.57526502,
      1.95152426,
      1.8601745,
      1.78627247,
      1.73112981,
      1.69574328,
      1.68076013,
      1.68645611,
      1.71272628,
      1.75908847,
      1.82469957,
      1.90838442,
      2.00867751,
      2.0939743,
      2.09397419,
      2.09397408,
      2.09397396,
      2.09397384,
      2.09397372,
      2.01227919,
      1.85583759,
      1.71083976,
      1.57846961
    ],
    [
      1.56500409,
      1.41149483,
      1.28449099,
      1.18492617,
      1.11375733,
      1.07176681,
      1.02834812,
      0.92448742,
      0.86370484,
      0.84365864,
      0.8637054,
      0.92448855,
      1.02834987,
      1.18107709,
      1.39817609,
      1.74507935,
      2.23275662,
      2.06462871,
      1.90751535,
      1.77435956,
      1.66699453,
      1.5870497,
      1.53581029,
      1.51412819,
      1.52236994,
      1.56039581,
      1.62756766,
      1.7227865,
      1.84456386,
      1.99113652,
      2.16064708,
      2.23275678,
      2.23275662,
      2.23275645,
      2.23275627,
      2.2327561,
      2.23275593,
      2.18632417,
      1.95043613,
      1.74446688
    ],
    [
      1.83052116,
      1.620098,
      1.44938754,
      1.31708497,
      1.22315823,
      1.16795296,
      1.15178664,
      1.17476645,
      1.23674191,
      1.33737291,
      1.42980656,
      1.55327545,
      1.82863578,
      2.13534336,
      2.41930848,
      2.4193087,
      2.413985,
      2.17576059,
      1.96974681,
      1.79646197,
      1.6573611,
      1.55406014,
      1.48795214,
      1.45999932,
      1.47062329,
      1.51966283,
      1.60638967,
      1.72958568,
      1.8877009,
      2.07914327,
      2.30283446,
      2.41930912,
      2.41930891,
      2.4193087,
      2.41930848,
      2.41930825,
      2.41930804,
      2.41930783,
      2.40149107,
      2.08552279
    ],
    [
      2.30172909,
      2.00527557,
      1.77879626,
      1.60822095,
      1.48895031,
      1.4194107,
      1.3991159,
      1.42797323,
      1.50612081,
      1.63416368,
      1.81400541,
      2.05118785,
      2.36317502,
      2.64569259,
      2.64569285,
      2.64569311,
      2.64569336,
      2.39584375,
      2.13949141,
      1.92677807,
      1.75728297,
      1.63193744,
      1.55191027,
      1.51811039,
      1.5309541,
      1.59028109,
      1.69538547,
      1.84517379,
      2.03852018,
      2.2750296,
      2.5569079,
      2.6456936,
      2.64569336,
      2.64569311,
      2.64569285,
      2.64569259,
      2.64569233,
      2.64569209,
      2.64569187,
      2.64569167
    ],
    [
      2.6822101,
      2.69952685,
      2.32988706,
      2.09257738,
      1.93572632,
      1.84654174,
      1.82076808,
      1.85744837,
      1.95797769,
      2.12750955,
      2.38176736,
      2.79424709,
      2.90142633,
      2.90142661,
      2.90142689,
      2.90142717,
      2.90142745,
      2.73913718,
      2.42246483,
      2.16786192,
      1.96797658,
      1.82130656,
      1.72805629,
      1.68874954,
      1.70368072,
      1.77273328,
      1.89544582,
      2.0713671,
      2.30096385,
      2.58806728,
      2.90142796,
      2.90142772,
      2.90142745,
      2.90142717,
      2.90142689,
      2.90142661,
      2.85500038,
      2.81097764,
      2.70572803,
      2.63992508
    ],
    [
      2.3400178,
      2.49042885,
      2.76455876,
      2.87293527,
      2.71790387,
      2.55848729,
      2.51654958,
      2.57667683,
      2.76297941,
      2.9575496,
      2.96736322,
      3.17338006,
      3.17338034,
      3.17338062,
      3.17338092,
      3.17338121,
      3.1733815,
      3.17338177,
      2.84150496,
      2.52979095,
      2.29475935,
      2.1253867,
      2.0186592,
      1.97385326,
      1.99086169,
      2.0697131,
      2.21074251,
      2.41559142,
      2.69039388,
      2.99236306,
      3.17338202,
      3.17338177,
      3.13141273,
      3.02806164,
      2.93284044,
      2.8495906,
      2.78175124,
      2.53810185,
      2.36299651,
      2.29844783
    ],
    [
      2.13203651,
      2.28434877,
      2.55654547,
      2.82522382,
      2.91966649,
      3.02574501,
      2.958893,
      2.85297549,
      2.49993684,
      2.35177659,
      2.35795418,
      2.51984801,
      2.89790736,
      3.44605163,
      3.44605192,
      3.4460522,
      3.44605248,
      3.44605275,
      3.44605299,
      3.06016204,
      2.76006395,
      2.55785643,
      2.43377646,
      2.38225154,
      2.4017755,
      2.49287398,
      2.65878641,
      2.53093341,
      2.48676277,
      2.55775642,
      2.75135823,
      2.87721194,
      2.90467533,
      2.98729349,
      2.89011447,
      2.79992601,
      2.63352697,
      2.33226103,
      2.15540524,
      2.08968086
    ],
    [
      2.04063105,
      2.1958741,
      2.47181629,
      2.79483622,
      2.89379688,
      2.75730581,
      2.64852722,
      2.44626768,
      2.1528617,
      2.01837845,
      2.0240731,
      2.17055763,
      2.47927675,
      3.11395386,
      3.54453484,
      3.70286948,
      3.70286973,
      3.70286997,
      3.70287019,
      3.70287039,
      3.58143299,
      3.19637236,
      3.02415984,
      2.95717319,
      2.98232158,
      2.69613641,
      2.41344537,
      2.25704909,
      2.21430309,
      2.28290558,
      2.46675036,
      2.56856148,
      2.59754898,
      2.6848449,
      2.82754964,
      2.76832046,
      2.549363,
      2.2446029,
      2.0644791,
      1.99738219
    ],
    [
      2.06146845,
      2.21934424,
      2.50069679,
      2.78302545,
      2.65062189,
      2.48897848,
      2.3764404,
      2.24820534,
      1.97107444,
      1.8414356,
      1.8469493,
      1.98803467,
      2.27868872,
      2.78978486,
      3.31661359,
      3.58643686,
      3.8494807,
      4.08678122,
      5.0,
      5.0,
      5.0,
      5.0,
      4.20011296,
      3.9137503,
      2.95685962,
      2.52848576,
      2.2558969,
      2.10289315,
      2.0608842,
      2.12826758,
      2.30774875,
      2.31000528,
      2.33963826,
      2.42893431,
      2.57511599,
      2.75608508,
      2.58002208,
      2.26894927,
      2.08570726,
      2.01752189
    ],
    [
      2.19540865,
      2.35607591,
      2.64608122,
      2.63475479,
      2.4288102,
      2.26663561,
      2.15397194,
      2.0946324,
      1.92837283,
      1.80158236,
      1.80698035,
      1.94493863,
      2.22773223,
      2.71334851,
      3.10416532,
      3.38378055,
      2.61575701,
      2.46373243,
      2.52059581,
      2.85941478,
      5.0,
      4.30314406,
      4.03439337,
      3.72724242,
      2.88697285,
      2.47541258,
